{
  "project_info": {
    "project_number": "491063521093",
    "project_id": "consultation-booking-app-d75dc",
    "storage_bucket": "consultation-booking-app-d75dc.firebasestorage.app"
  },
  "client": [
    {
      "client_info": {
        "mobilesdk_app_id": "1:491063521093:android:a1a08a386a8cc40e45d82c",
        "android_client_info": {
          "package_name": "com.example.consultation_booking_app"
        }
      },
      "oauth_client": [],
      "api_key": [
        {
          "current_key": "AIzaSyABxsgU31Y30pvYt6TgmBlF_ozVcRElrO0"
        }
      ],
      "services": {
        "appinvite_service": {
          "other_platform_oauth_client": []
        }
      }
    }
  ],
  "configuration_version": "1"
}